<?xml version="1.0" encoding="UTF-8"?>
<?xml-model href="Untitled1.rnc" type="application/relax-ng-compact-syntax"?>
<xml>
    <ttl ttl="food">Gingersnaps</ttl>
    <dscr>These crunchy, spicy rounds with their cracked, sugary tops are equally at home dunked in
        tea, coffee, or milk, and frequently enjoyed during the November/December holiday season.
        But they're just as welcome on a mellow, golden, late-September afternoon, with a
        comfortable lounge chair and a large glass of fresh-squeezed lemonade.</dscr>
    <ttl ttl="act">Prep</ttl>
    <nmbr nmbr="time">12 mins</nmbr> Bake <nmbr nmbr="time">11 to 13 mins</nmbr> Total <nmbr
        nmbr="time">23 mins</nmbr> Yield <nmbr nmbr="amount">about 5 dozen cookies</nmbr>
    <ttl ttl="food">Gingersnaps</ttl>
    <ing>Ingredients</ing>
    <ttl ttl="food">Cookies</ttl>
    <ing>
        <nmbr nmbr="msrmnt">3/4 cup (138g) vegetable shortening*</nmbr>
        <nmbr nmbr="msrmnt">1 cup (198g) granulated sugar</nmbr>
        <nmbr nmbr="msrmnt">1/2 teaspoon salt</nmbr>
        <nmbr nmbr="mrsmnt">2 teaspoons baking soda</nmbr>
        <nmbr nmbr="amount">1 large egg</nmbr>
        <nmbr nmbr="mrsmnt">1/3 cup (113g) molasses</nmbr>
        <nmbr nmbr="msrmnt">2 1/3 cups (280g) King Arthur Unbleached All-Purpose Flour</nmbr>
        <nmbr nmbr="msrmnt">1 to 2 teaspoons ginger</nmbr>
        <nmbr nmbr="msrmnt">1/2 teaspoon cloves</nmbr>
        <nmbr nmbr="msrmnt">1 teaspoon cinnamon</nmbr></ing>
    <dscr>*Can you substitute butter for the vegetable shortening? Yes; but the cookies will be
        soft, not crisp.</dscr>
    <ttl>Coating</ttl>
    <nmbr nmbr="msrmnt">1/4 cup (50g) granulated sugar</nmbr>
    <nmbr nmbr="msrmnt">1 teaspoon cinnamon</nmbr>
    <ttl ttl="inst">Instructions</ttl>
    <step>Preheat the oven to 375°F. Lightly grease (or line with parchment) two baking
        sheets.</step>
    <step>Beat together the shortening, sugar, salt, and baking soda.</step>
    <step>Beat in the egg, then the molasses.</step>
    <step>Add the flour and spices, beating to make a smooth, fairly stiff dough.</step>
    <step>To make the coating, combine the sugar and cinnamon, and place in a shallow pan or
        dish.</step>
    <step>Drop the dough in 1" balls into the cinnamon-sugar mixture; a teaspoon cookie scoop is
        perfect here.</step>
    <step>Roll the balls in the sugar to coat, then transfer them to the prepared baking sheets,
            leaving<nmbr nmbr="amount"> at least 1</nmbr></step> 1/2" between them; they'll spread
    as they bake. <step>Bake the cookies for 11 minutes, for cookies that are crisp around the
        edges, and "bendy" in the center. Bake for <nmbr nmbr="time">13 minutes</nmbr>, for cookies
        that are crisp/crunchy all the way through.</step>
    <step>Remove the cookies from the oven, and cool right on the pan, or on a rack. Cool
        completely, then store tightly wrapped, at room temperature.</step>
</xml>
